Loan_ID,Gender,Married,Dependents,Education,Self_Employed,ApplicantIncome,CoapplicantIncome,LoanAmount,Loan_Amount_Term,Credit_History,Property_Area,Loan_Status,LoanAmount_log,ApplicantIncome_log
LP001002,1,0,0,1,0,5849,0.0,146.41216216216216,360.0,1.0,1,1,4.986425672954842,8.674025985443025
LP001003,1,1,1,1,0,4583,1508.0,128.0,360.0,1.0,0,0,4.852030263919617,8.430109084509125
LP001005,1,1,0,1,1,3000,0.0,66.0,360.0,1.0,1,1,4.189654742026425,8.006367567650246
LP001006,1,1,0,0,0,2583,2358.0,120.0,360.0,1.0,1,1,4.787491742782046,7.8567067930958405
LP001008,1,0,0,1,0,6000,0.0,141.0,360.0,1.0,1,1,4.948759890378168,8.699514748210191
LP001011,1,1,2,1,1,5417,4196.0,267.0,360.0,1.0,1,1,5.58724865840025,8.597297435657898
LP001013,1,1,0,0,0,2333,1516.0,95.0,360.0,1.0,1,1,4.553876891600541,7.75491027202143
LP001014,1,1,3,1,0,3036,2504.0,158.0,360.0,0.0,2,0,5.062595033026967,8.01829613851552
LP001018,1,1,2,1,0,4006,1526.0,168.0,360.0,1.0,1,1,5.123963979403259,8.295548516225763
LP001020,1,1,1,1,0,12841,10968.0,349.0,360.0,1.0,2,0,5.855071922202427,9.460398455831275
LP001024,1,1,2,1,0,3200,700.0,70.0,360.0,1.0,1,1,4.248495242049359,8.070906088787819
LP001027,1,1,2,1,0,2500,1840.0,109.0,360.0,1.0,1,1,4.6913478822291435,7.824046010856292
LP001028,1,1,2,1,0,3073,8106.0,200.0,360.0,1.0,1,1,5.298317366548036,8.030409562130485
LP001029,1,0,0,1,0,1853,2840.0,114.0,360.0,1.0,0,0,4.736198448394496,7.52456122628536
LP001030,1,1,2,1,0,1299,1086.0,17.0,120.0,1.0,1,1,2.833213344056216,7.1693500166706
LP001032,1,0,0,1,0,4950,0.0,125.0,360.0,1.0,1,1,4.8283137373023015,8.507142855562735
LP001034,1,0,1,0,0,3596,0.0,100.0,240.0,1.0,1,1,4.605170185988092,8.18757739559151
LP001036,0,0,0,1,0,3510,0.0,76.0,360.0,0.0,1,0,4.330733340286331,8.163371316459912
LP001038,1,1,0,0,0,4887,0.0,133.0,360.0,1.0,0,0,4.890349128221754,8.494333897270154
LP001041,1,1,0,1,0,2600,3500.0,115.0,360.0,1.0,1,1,4.74493212836325,7.8632667240095735
LP001043,1,1,0,0,0,7660,0.0,104.0,360.0,0.0,1,0,4.6443908991413725,8.943767262734637
LP001046,1,1,1,1,0,5955,5625.0,315.0,360.0,1.0,1,1,5.752572638825633,8.691986481789401
LP001047,1,1,0,0,0,2600,1911.0,116.0,360.0,0.0,2,0,4.7535901911063645,7.8632667240095735
LP001050,1,1,2,0,0,3365,1917.0,112.0,360.0,0.0,0,0,4.718498871295094,8.121183242078828
LP001052,1,1,1,1,0,3717,2925.0,151.0,360.0,1.0,2,0,5.017279836814924,8.220672170297252
LP001066,1,1,0,1,1,9560,0.0,191.0,360.0,1.0,2,1,5.25227342804663,9.165343006045447
LP001068,1,1,0,1,0,2799,2253.0,122.0,360.0,1.0,2,1,4.804021044733257,7.937017489515454
LP001073,1,1,2,0,0,4226,1040.0,110.0,360.0,1.0,1,1,4.700480365792417,8.349011198176003
LP001086,1,0,0,0,0,1442,0.0,35.0,360.0,1.0,1,0,3.5553480614894135,7.273786317844895
LP001087,0,0,2,1,0,3750,2083.0,120.0,360.0,1.0,2,1,4.787491742782046,8.229511118964457
LP001091,1,1,1,1,0,4166,3369.0,201.0,360.0,1.0,1,0,5.303304908059076,8.334711621820917
LP001095,1,0,0,1,0,3167,0.0,74.0,360.0,1.0,1,0,4.30406509320417,8.06054004653864
LP001097,1,0,1,1,1,4692,0.0,106.0,360.0,1.0,0,0,4.663439094112067,8.453614209773367
LP001098,1,1,0,1,0,3500,1667.0,114.0,360.0,1.0,2,1,4.736198448394496,8.160518247477505
LP001100,1,0,3,1,0,12500,3000.0,320.0,360.0,1.0,0,0,5.768320995793772,9.433483923290392
LP001106,1,1,0,1,0,2275,2067.0,146.41216216216216,360.0,1.0,1,1,4.986425672954842,7.729735331385051
LP001109,1,1,0,1,0,1828,1330.0,100.0,360.0,0.0,1,0,4.605170185988092,7.510977752014095
LP001112,0,1,0,1,0,3667,1459.0,144.0,360.0,1.0,2,1,4.969813299576001,8.207129168071326
LP001114,1,0,0,1,0,4166,7210.0,184.0,360.0,1.0,1,1,5.214935757608986,8.334711621820917
LP001116,1,0,0,0,0,3748,1668.0,110.0,360.0,1.0,2,1,4.700480365792417,8.228977643358313
LP001119,1,0,0,1,0,3600,0.0,80.0,360.0,1.0,1,0,4.382026634673881,8.1886891244442
LP001120,1,0,0,1,0,1800,1213.0,47.0,360.0,1.0,1,1,3.8501476017100584,7.495541943884256
LP001123,1,1,0,1,0,2400,0.0,75.0,360.0,1.0,1,1,4.31748811353631,7.783224016336037
LP001131,1,1,0,1,0,3941,2336.0,134.0,360.0,1.0,2,1,4.897839799950911,8.279189777195004
LP001136,1,1,0,0,1,4695,0.0,96.0,360.0,1.0,1,1,4.564348191467836,8.454253391642363
LP001137,0,0,0,1,0,3410,0.0,88.0,360.0,1.0,1,1,4.477336814478207,8.134467570277563
LP001138,1,1,1,1,0,5649,0.0,44.0,360.0,1.0,1,1,3.784189633918261,8.639233817325263
LP001144,1,1,0,1,0,5821,0.0,144.0,360.0,1.0,1,1,4.969813299576001,8.669227347271736
LP001146,0,1,0,1,0,2645,3440.0,120.0,360.0,0.0,1,0,4.787491742782046,7.8804263442924
LP001151,0,0,0,1,0,4000,2275.0,144.0,360.0,1.0,2,1,4.969813299576001,8.294049640102028
LP001155,0,1,0,0,0,1928,1644.0,100.0,360.0,1.0,2,1,4.605170185988092,7.564238475170491
LP001157,0,0,0,1,0,3086,0.0,120.0,360.0,1.0,2,1,4.787491742782046,8.034631032923107
LP001164,0,0,0,1,0,4230,0.0,112.0,360.0,1.0,2,0,4.718498871295094,8.349957272040324
LP001179,1,1,2,1,0,4616,0.0,134.0,360.0,1.0,1,0,4.897839799950911,8.437283808187935
LP001186,0,1,1,1,1,11500,0.0,286.0,360.0,0.0,1,0,5.655991810819852,9.350102314351341
LP001194,1,1,2,1,0,2708,1167.0,97.0,360.0,1.0,2,1,4.574710978503383,7.903965634032166
LP001195,1,1,0,1,0,2132,1591.0,96.0,360.0,1.0,2,1,4.564348191467836,7.664815785285735
LP001197,1,1,0,1,0,3366,2200.0,135.0,360.0,1.0,0,0,4.90527477843843,8.121480374750751
LP001198,1,1,1,1,0,8080,2250.0,180.0,360.0,1.0,1,1,5.19295685089021,8.997147151515142
LP001199,1,1,2,0,0,3357,2859.0,144.0,360.0,1.0,1,1,4.969813299576001,8.118802996980035
LP001205,1,1,0,1,0,2500,3796.0,120.0,360.0,1.0,1,1,4.787491742782046,7.824046010856292
LP001206,1,1,3,1,0,3029,0.0,99.0,360.0,1.0,1,1,4.59511985013459,8.015987811027237
LP001207,1,1,0,0,1,2609,3449.0,165.0,180.0,0.0,0,0,5.10594547390058,7.866722285136729
LP001213,1,1,1,1,0,4945,0.0,146.41216216216216,360.0,0.0,0,0,4.986425672954842,8.506132244056813
LP001222,0,0,0,1,0,4166,0.0,116.0,360.0,0.0,2,0,4.7535901911063645,8.334711621820917
LP001225,1,1,0,1,0,5726,4595.0,258.0,360.0,1.0,2,0,5.552959584921617,8.65277248565806
LP001228,1,0,0,0,0,3200,2254.0,126.0,180.0,0.0,1,0,4.836281906951478,8.070906088787819
LP001233,1,1,1,1,0,10750,0.0,312.0,360.0,1.0,1,1,5.7430031878094825,9.28266103355581
LP001238,1,1,3,0,1,7100,0.0,125.0,60.0,1.0,1,1,4.8283137373023015,8.867850063029406
LP001241,0,0,0,1,0,4300,0.0,136.0,360.0,0.0,2,0,4.912654885736052,8.366370301681654
LP001243,1,1,0,1,0,3208,3066.0,172.0,360.0,1.0,1,1,5.147494476813453,8.073402968986406
LP001245,1,1,2,0,1,1875,1875.0,97.0,360.0,1.0,2,1,4.574710978503383,7.536363938404511
LP001248,1,0,0,1,0,3500,0.0,81.0,300.0,1.0,2,1,4.394449154672439,8.160518247477505
LP001250,1,1,3,0,0,4755,0.0,95.0,360.0,0.0,2,0,4.553876891600541,8.46695197497949
LP001253,1,1,3,1,1,5266,1774.0,187.0,360.0,1.0,2,1,5.231108616854587,8.569026340056254
LP001255,1,0,0,1,0,3750,0.0,113.0,480.0,1.0,1,0,4.727387818712341,8.229511118964457
LP001256,1,0,0,1,0,3750,4750.0,176.0,360.0,1.0,1,0,5.170483995038151,8.229511118964457
LP001259,1,1,1,1,1,1000,3022.0,110.0,360.0,1.0,1,0,4.700480365792417,6.907755278982137
LP001263,1,1,3,1,0,3167,4000.0,180.0,300.0,0.0,2,0,5.19295685089021,8.06054004653864
LP001264,1,1,3,0,1,3333,2166.0,130.0,360.0,1.0,2,1,4.867534450455582,8.11162807830774
LP001265,0,0,0,1,0,3846,0.0,111.0,360.0,1.0,2,1,4.709530201312334,8.254788926148725
LP001266,1,1,1,1,1,2395,0.0,146.41216216216216,360.0,1.0,2,1,4.986425672954842,7.781138509845015
LP001267,0,1,2,1,0,1378,1881.0,167.0,360.0,1.0,1,0,5.117993812416755,7.228388451573604
LP001273,1,1,0,1,0,6000,2250.0,265.0,360.0,1.0,2,0,5.579729825986222,8.699514748210191
LP001275,1,1,1,1,0,3988,0.0,50.0,240.0,1.0,1,1,3.912023005428146,8.291045131081729
LP001279,1,0,0,1,0,2366,2531.0,136.0,360.0,1.0,2,1,4.912654885736052,7.768956044538332
LP001280,1,1,2,0,0,3333,2000.0,99.0,360.0,1.0,2,1,4.59511985013459,8.11162807830774
LP001282,1,1,0,1,0,2500,2118.0,104.0,360.0,1.0,2,1,4.6443908991413725,7.824046010856292
LP001289,1,0,0,1,0,8566,0.0,210.0,360.0,1.0,1,1,5.3471075307174685,9.055556158175316
LP001310,1,1,0,1,0,5695,4167.0,175.0,360.0,1.0,2,1,5.1647859739235145,8.647343875881283
LP001316,1,1,0,1,0,2958,2900.0,131.0,360.0,1.0,2,1,4.875197323201151,7.992268643270745
LP001318,1,1,2,1,0,6250,5654.0,188.0,180.0,1.0,2,1,5.236441962829949,8.740336742730447
LP001319,1,1,2,0,0,3273,1820.0,81.0,360.0,1.0,1,1,4.394449154672439,8.09346227450118
LP001322,1,0,0,1,0,4133,0.0,122.0,360.0,1.0,2,1,4.804021044733257,8.326758814511733
LP001325,1,0,0,0,0,3620,0.0,25.0,120.0,1.0,2,1,3.2188758248682006,8.194229304819817
LP001326,1,0,0,1,0,6782,0.0,146.41216216216216,360.0,1.0,1,0,4.986425672954842,8.822027322685583
LP001327,0,1,0,1,0,2484,2302.0,137.0,360.0,1.0,2,1,4.919980925828125,7.81762544305337
LP001333,1,1,0,1,0,1977,997.0,50.0,360.0,1.0,2,1,3.912023005428146,7.589335823170617
LP001334,1,1,0,0,0,4188,0.0,115.0,180.0,1.0,2,1,4.74493212836325,8.339978571990427
LP001343,1,1,0,1,0,1759,3541.0,131.0,360.0,1.0,2,1,4.875197323201151,7.472500744737558
LP001345,1,1,2,0,0,4288,3263.0,133.0,180.0,1.0,1,1,4.890349128221754,8.363575702750637
LP001349,1,0,0,1,0,4843,3806.0,151.0,360.0,1.0,2,1,5.017279836814924,8.48528964240323
LP001350,1,1,0,1,0,13650,0.0,146.41216216216216,360.0,1.0,1,1,4.986425672954842,9.521494800613105
LP001356,1,1,0,1,0,4652,3583.0,146.41216216216216,360.0,1.0,2,1,4.986425672954842,8.445052513638554
LP001357,1,1,0,1,0,3816,754.0,160.0,360.0,1.0,1,1,5.075173815233827,8.246958032568177
LP001367,1,1,1,1,0,3052,1030.0,100.0,360.0,1.0,1,1,4.605170185988092,8.023552392404348
LP001369,1,1,2,1,0,11417,1126.0,225.0,360.0,1.0,1,1,5.41610040220442,9.342858751676328
LP001370,1,0,0,0,0,7333,0.0,120.0,360.0,1.0,0,0,4.787491742782046,8.9001399880938
LP001379,1,1,2,1,0,3800,3600.0,216.0,360.0,0.0,1,0,5.375278407684165,8.242756345714477
LP001384,1,1,3,0,0,2071,754.0,94.0,480.0,1.0,2,1,4.543294782270004,7.635786861395585
LP001385,1,0,0,1,0,5316,0.0,136.0,360.0,1.0,1,1,4.912654885736052,8.578476419833136
LP001387,0,1,0,1,0,2929,2333.0,139.0,360.0,1.0,2,1,4.9344739331306915,7.982416346827733
LP001391,1,1,0,0,0,3572,4114.0,152.0,360.0,0.0,0,0,5.0238805208462765,8.18088094199639
LP001392,0,0,1,1,1,7451,0.0,146.41216216216216,360.0,1.0,2,1,4.986425672954842,8.916103530553727
LP001398,1,0,0,1,0,5050,0.0,118.0,360.0,1.0,2,1,4.770684624465665,8.527143522269405
LP001401,1,1,1,1,0,14583,0.0,185.0,180.0,1.0,0,1,5.220355825078324,9.587611745713565
LP001404,0,1,0,1,0,3167,2283.0,154.0,360.0,1.0,2,1,5.0369526024136295,8.06054004653864
LP001405,1,1,1,1,0,2214,1398.0,85.0,360.0,1.0,1,1,4.442651256490317,7.7025561132685825
LP001421,1,1,0,1,0,5568,2142.0,175.0,360.0,1.0,0,0,5.1647859739235145,8.624791202014256
LP001422,0,0,0,1,0,10408,0.0,259.0,360.0,1.0,1,1,5.556828061699537,9.250330020192342
LP001426,1,1,0,1,0,5667,2667.0,180.0,360.0,1.0,0,1,5.19295685089021,8.64241515616962
LP001430,0,0,0,1,0,4166,0.0,44.0,360.0,1.0,2,1,3.784189633918261,8.334711621820917
LP001431,0,0,0,1,0,2137,8980.0,137.0,360.0,0.0,2,1,4.919980925828125,7.667158255319148
LP001432,1,1,2,1,0,2957,0.0,81.0,360.0,1.0,2,1,4.394449154672439,7.9919305198524775
LP001439,1,1,0,0,0,4300,2014.0,194.0,360.0,1.0,0,1,5.267858159063328,8.366370301681654
LP001443,0,0,0,1,0,3692,0.0,93.0,360.0,1.0,0,1,4.532599493153256,8.213923595622743
LP001448,1,1,3,1,0,23803,0.0,370.0,360.0,1.0,0,1,5.91350300563827,10.077566902136047
LP001449,1,0,0,1,0,3865,1640.0,146.41216216216216,360.0,1.0,0,1,4.986425672954842,8.259716961021523
LP001451,1,1,1,1,1,10513,3850.0,160.0,180.0,0.0,1,0,5.075173815233827,9.26036786557583
LP001465,1,1,0,1,0,6080,2569.0,182.0,360.0,1.0,0,0,5.204006687076795,8.712759974960212
LP001469,1,0,0,1,1,20166,0.0,650.0,480.0,1.0,1,1,6.476972362889683,9.91175329695316
LP001473,1,0,0,1,0,2014,1929.0,74.0,360.0,1.0,1,1,4.30406509320417,7.607878073278507
LP001478,1,0,0,1,0,2718,0.0,70.0,360.0,1.0,2,1,4.248495242049359,7.907651594711089
LP001482,1,1,0,1,1,3459,0.0,25.0,120.0,1.0,2,1,3.2188758248682006,8.148734808937169
LP001487,1,0,0,1,0,4895,0.0,102.0,360.0,1.0,2,1,4.624972813284271,8.49596955496461
LP001488,1,1,3,1,0,4000,7750.0,290.0,360.0,1.0,2,0,5.66988092298052,8.294049640102028
LP001489,0,1,0,1,0,4583,0.0,84.0,360.0,1.0,0,0,4.430816798843313,8.430109084509125
LP001491,1,1,2,1,1,3316,3500.0,88.0,360.0,1.0,1,1,4.477336814478207,8.106514516255185
LP001492,1,0,0,1,0,14999,0.0,242.0,360.0,0.0,2,0,5.488937726156687,9.61573881119536
LP001493,1,1,2,0,0,4200,1430.0,129.0,360.0,1.0,0,0,4.859812404361672,8.34283980427146
LP001497,1,1,2,1,0,5042,2083.0,185.0,360.0,1.0,0,0,5.220355825078324,8.525558107747866
LP001498,1,0,0,1,0,5417,0.0,168.0,360.0,1.0,1,1,5.123963979403259,8.597297435657898
LP001504,1,0,0,1,1,6950,0.0,175.0,180.0,1.0,2,1,5.1647859739235145,8.846496938558838
LP001507,1,1,0,1,0,2698,2034.0,122.0,360.0,1.0,2,1,4.804021044733257,7.900266036767701
LP001508,1,1,2,1,0,11757,0.0,187.0,180.0,1.0,1,1,5.231108616854587,9.372204086867741
LP001514,0,1,0,1,0,2330,4486.0,100.0,360.0,1.0,2,1,4.605170185988092,7.753623546559746
LP001516,0,1,2,1,0,14866,0.0,70.0,360.0,1.0,1,1,4.248495242049359,9.60683200528524
LP001518,1,1,1,1,0,1538,1425.0,30.0,360.0,1.0,1,1,3.4011973816621555,7.338238150065589
LP001519,0,0,0,1,0,10000,1666.0,225.0,360.0,1.0,0,0,5.41610040220442,9.210340371976184
LP001520,1,1,0,1,0,4860,830.0,125.0,360.0,1.0,2,1,4.8283137373023015,8.48879371689454
LP001528,1,0,0,1,0,6277,0.0,118.0,360.0,0.0,0,0,4.770684624465665,8.744647438317532
LP001529,1,1,0,1,1,2577,3750.0,152.0,360.0,1.0,0,1,5.0238805208462765,7.854381210652365
LP001531,1,0,0,1,0,9166,0.0,244.0,360.0,1.0,1,0,5.497168225293202,9.123256265069069
LP001532,1,1,2,0,0,2281,0.0,113.0,360.0,1.0,0,0,4.727387818712341,7.732369222284388
LP001535,1,0,0,1,0,3254,0.0,50.0,360.0,1.0,1,1,3.912023005428146,8.087640287778983
LP001536,1,1,3,1,0,39999,0.0,600.0,180.0,0.0,2,1,6.396929655216146,10.596609732783568
LP001541,1,1,1,1,0,6000,0.0,160.0,360.0,1.0,0,1,5.075173815233827,8.699514748210191
LP001543,1,1,1,1,0,9538,0.0,187.0,360.0,1.0,1,1,5.231108616854587,9.16303909885817
LP001546,1,0,0,1,0,2980,2083.0,120.0,360.0,1.0,0,1,4.787491742782046,7.9996785794994505
LP001552,1,1,0,1,0,4583,5625.0,255.0,360.0,1.0,2,1,5.541263545158426,8.430109084509125
LP001560,1,1,0,0,0,1863,1041.0,98.0,360.0,1.0,2,1,4.584967478670572,7.529943370601589
LP001562,1,1,0,1,0,7933,0.0,275.0,360.0,1.0,1,0,5.616771097666572,8.978786553302003
LP001565,1,1,1,1,0,3089,1280.0,121.0,360.0,0.0,2,0,4.795790545596741,8.035602692918582
LP001570,1,1,2,1,0,4167,1447.0,158.0,360.0,1.0,0,1,5.062595033026967,8.334951631422454
LP001572,1,1,0,1,0,9323,0.0,75.0,180.0,1.0,1,1,4.31748811353631,9.140239744296693
LP001574,1,1,0,1,0,3707,3166.0,182.0,360.0,1.0,0,1,5.204006687076795,8.217978203150732
LP001577,0,1,0,1,0,4583,0.0,112.0,360.0,1.0,0,0,4.718498871295094,8.430109084509125
LP001578,1,1,0,1,0,2439,3333.0,129.0,360.0,1.0,0,1,4.859812404361672,7.79934339821592
LP001579,1,0,0,1,0,2237,0.0,63.0,480.0,0.0,2,0,4.143134726391533,7.71289096149013
LP001580,1,1,2,1,0,8000,0.0,200.0,360.0,1.0,2,1,5.298317366548036,8.987196820661973
LP001581,1,1,0,0,0,1820,1769.0,95.0,360.0,1.0,0,1,4.553876891600541,7.506591780070841
LP001585,1,1,3,1,0,51763,0.0,700.0,300.0,1.0,1,1,6.551080335043404,10.854430887309706
LP001586,1,1,3,0,0,3522,0.0,81.0,180.0,1.0,0,0,4.394449154672439,8.166784289056151
LP001594,1,1,0,1,0,5708,5625.0,187.0,360.0,1.0,2,1,5.231108616854587,8.649623978596727
LP001603,1,1,0,0,1,4344,736.0,87.0,360.0,1.0,2,0,4.465908118654584,8.37655086161377
LP001606,1,1,0,1,0,3497,1964.0,116.0,360.0,1.0,0,1,4.7535901911063645,8.159660737063376
LP001608,1,1,2,1,0,2045,1619.0,101.0,360.0,1.0,0,1,4.61512051684126,7.623153068476902
LP001610,1,1,3,1,0,5516,11300.0,495.0,360.0,0.0,2,0,6.20455776256869,8.615408238913192
LP001616,1,1,1,1,0,3750,0.0,116.0,360.0,1.0,2,1,4.7535901911063645,8.229511118964457
LP001630,1,0,0,0,0,2333,1451.0,102.0,480.0,0.0,1,0,4.624972813284271,7.75491027202143
LP001633,1,1,1,1,0,6400,7250.0,180.0,360.0,0.0,1,0,5.19295685089021,8.764053269347762
LP001634,1,0,0,1,0,1916,5063.0,67.0,360.0,1.0,0,0,4.204692619390966,7.557994958530806
LP001636,1,1,0,1,0,4600,0.0,73.0,180.0,1.0,2,1,4.290459441148391,8.433811582477187
LP001637,1,1,1,1,0,33846,0.0,260.0,360.0,1.0,2,0,5.560681631015528,10.429576102968031
LP001639,0,1,0,1,0,3625,0.0,108.0,360.0,1.0,2,1,4.68213122712422,8.195609567288775
LP001640,1,1,0,1,1,39147,4750.0,120.0,360.0,1.0,2,1,4.787491742782046,10.575079070130357
LP001641,1,1,1,1,1,2178,0.0,66.0,300.0,0.0,0,0,4.189654742026425,7.686162303492906
LP001643,1,1,0,1,0,2383,2138.0,58.0,360.0,1.0,0,1,4.060443010546419,7.776115477098742
LP001644,1,1,0,1,1,674,5296.0,168.0,360.0,1.0,0,1,5.123963979403259,6.513230110912307
LP001647,1,1,0,1,0,9328,0.0,188.0,180.0,1.0,0,1,5.236441962829949,9.140775908590273
LP001653,1,0,0,0,0,4885,0.0,48.0,360.0,1.0,0,1,3.871201010907891,8.493924564476883
LP001656,1,0,0,1,0,12000,0.0,164.0,360.0,1.0,2,0,5.099866427824199,9.392661928770137
LP001657,1,1,0,0,0,6033,0.0,160.0,360.0,1.0,1,0,5.075173815233827,8.704999678440762
LP001658,1,0,0,1,0,3858,0.0,76.0,360.0,1.0,2,1,4.330733340286331,8.257904193465674
LP001664,1,0,0,1,0,4191,0.0,120.0,360.0,1.0,0,1,4.787491742782046,8.340694647925071
LP001665,1,1,1,1,0,3125,2583.0,170.0,360.0,1.0,2,0,5.135798437050262,8.047189562170502
LP001666,1,0,0,1,0,8333,3750.0,187.0,360.0,1.0,0,1,5.231108616854587,9.027978814382207
LP001669,0,0,0,0,0,1907,2365.0,120.0,360.0,1.0,1,1,4.787491742782046,7.553286605600419
LP001671,0,1,0,1,0,3416,2816.0,113.0,360.0,1.0,2,1,4.727387818712341,8.13622555490846
LP001673,1,0,0,1,1,11000,0.0,83.0,360.0,1.0,1,0,4.418840607796598,9.305650551780507
LP001674,1,1,1,0,0,2600,2500.0,90.0,360.0,1.0,2,1,4.499809670330265,7.8632667240095735
LP001677,1,0,2,1,0,4923,0.0,166.0,360.0,0.0,2,1,5.111987788356544,8.5016733797582
LP001682,1,1,3,0,0,3992,0.0,146.41216216216216,180.0,1.0,1,0,4.986425672954842,8.292047637431354
LP001688,1,1,1,0,0,3500,1083.0,135.0,360.0,1.0,1,1,4.90527477843843,8.160518247477505
LP001691,1,1,2,0,0,3917,0.0,124.0,360.0,1.0,2,1,4.820281565605037,8.27308133366583
LP001692,0,0,0,0,0,4408,0.0,120.0,360.0,1.0,2,1,4.787491742782046,8.391176350832751
LP001693,0,0,0,1,0,3244,0.0,80.0,360.0,1.0,1,1,4.382026634673881,8.084562415235304
LP001698,1,0,0,0,0,3975,2531.0,55.0,360.0,1.0,0,1,4.007333185232471,8.287780027088433
LP001699,1,0,0,1,0,2479,0.0,59.0,360.0,1.0,1,1,4.07753744390572,7.8156105320351905
LP001702,1,0,0,1,0,3418,0.0,127.0,360.0,1.0,2,0,4.844187086458591,8.136810863675537
LP001708,0,0,0,1,0,10000,0.0,214.0,360.0,1.0,2,0,5.365976015021851,9.210340371976184
LP001711,1,1,3,1,0,3430,1250.0,128.0,360.0,0.0,2,0,4.852030263919617,8.140315540159985
LP001713,1,1,1,1,1,7787,0.0,240.0,360.0,1.0,1,1,5.480638923341991,8.960210955576986
LP001715,1,1,3,0,1,5703,0.0,130.0,360.0,1.0,0,1,4.867534450455582,8.648747631156539
LP001716,1,1,0,1,0,3173,3021.0,137.0,360.0,1.0,1,1,4.919980925828125,8.062432791583195
LP001720,1,1,3,0,0,3850,983.0,100.0,360.0,1.0,2,1,4.605170185988092,8.25582842728183
LP001722,1,1,0,1,0,150,1800.0,135.0,360.0,1.0,0,0,4.90527477843843,5.0106352940962555
LP001726,1,1,0,1,0,3727,1775.0,131.0,360.0,1.0,2,1,4.875197323201151,8.223358899479258
LP001732,1,1,2,1,0,5000,0.0,72.0,360.0,0.0,2,0,4.276666119016055,8.517193191416238
LP001734,0,1,2,1,0,4283,2383.0,127.0,360.0,1.0,2,1,4.844187086458591,8.36240897761537
LP001736,1,1,0,1,0,2221,0.0,60.0,360.0,0.0,1,0,4.0943445622221,7.7057128238944275
LP001743,1,1,2,1,0,4009,1717.0,116.0,360.0,1.0,2,1,4.7535901911063645,8.296297112642508
LP001744,1,0,0,1,0,2971,2791.0,144.0,360.0,1.0,2,1,4.969813299576001,7.9966538754626075
LP001749,1,1,0,1,0,7578,1010.0,175.0,360.0,1.0,2,1,5.1647859739235145,8.933004591578547
LP001750,1,1,0,1,0,6250,0.0,128.0,360.0,1.0,2,1,4.852030263919617,8.740336742730447
LP001751,1,1,0,1,0,3250,0.0,170.0,360.0,1.0,0,0,5.135798437050262,8.086410275323782
LP001754,1,1,0,0,1,4735,0.0,138.0,360.0,1.0,1,0,4.927253685157205,8.462737005620179
LP001758,1,1,2,1,0,6250,1695.0,210.0,360.0,1.0,2,1,5.3471075307174685,8.740336742730447
LP001760,1,1,0,1,0,4758,0.0,158.0,480.0,1.0,2,1,5.062595033026967,8.467582690862903
LP001761,1,0,0,1,1,6400,0.0,200.0,360.0,1.0,0,1,5.298317366548036,8.764053269347762
LP001765,1,1,1,1,0,2491,2054.0,104.0,360.0,1.0,2,1,4.6443908991413725,7.820439515262181
LP001768,1,1,0,1,0,3716,0.0,42.0,180.0,1.0,0,1,3.7376696182833684,8.22040309993373
LP001770,1,0,0,0,0,3189,2598.0,120.0,360.0,1.0,0,1,4.787491742782046,8.067462667010057
LP001776,0,0,0,1,0,8333,0.0,280.0,360.0,1.0,2,1,5.634789603169249,9.027978814382207
LP001778,1,1,1,1,0,3155,1779.0,140.0,360.0,1.0,2,1,4.941642422609304,8.056743774975313
LP001784,1,1,1,1,0,5500,1260.0,170.0,360.0,1.0,0,1,5.135798437050262,8.612503371220562
LP001786,1,1,0,1,0,5746,0.0,255.0,360.0,1.0,1,0,5.541263545158426,8.656259239539235
LP001788,0,0,0,1,1,3463,0.0,122.0,360.0,1.0,1,1,4.804021044733257,8.149890544402423
LP001790,0,0,1,1,0,3812,0.0,112.0,360.0,1.0,0,1,4.718498871295094,8.245909264774093
LP001792,1,1,1,1,0,3315,0.0,96.0,360.0,1.0,2,1,4.564348191467836,8.106212902619962
LP001798,1,1,2,1,0,5819,5000.0,120.0,360.0,1.0,0,1,4.787491742782046,8.66888370465667
LP001800,1,1,1,0,0,2510,1983.0,140.0,180.0,1.0,1,0,4.941642422609304,7.828038032125829
LP001806,1,0,0,1,0,2965,5701.0,155.0,60.0,1.0,1,1,5.043425116919247,7.994632311431825
LP001807,1,1,2,1,1,6250,1300.0,108.0,360.0,1.0,0,1,4.68213122712422,8.740336742730447
LP001811,1,1,0,0,0,3406,4417.0,123.0,360.0,1.0,2,1,4.812184355372417,8.133293861222633
LP001813,1,0,0,1,1,6050,4333.0,120.0,180.0,1.0,1,0,4.787491742782046,8.707813551024888
LP001814,1,1,2,1,0,9703,0.0,112.0,360.0,1.0,1,1,4.718498871295094,9.1801903950253
LP001819,1,1,1,0,0,6608,0.0,137.0,180.0,1.0,1,1,4.919980925828125,8.796036315200814
LP001824,1,1,1,1,0,2882,1843.0,123.0,480.0,1.0,2,1,4.812184355372417,7.966239776559467
LP001825,1,1,0,1,0,1809,1868.0,90.0,360.0,1.0,1,1,4.499809670330265,7.500529485395295
LP001835,1,1,0,0,0,1668,3890.0,201.0,360.0,0.0,2,0,5.303304908059076,7.419380582918692
LP001836,0,0,2,1,0,3427,0.0,138.0,360.0,1.0,1,0,4.927253685157205,8.139440521874608
LP001841,1,0,0,0,1,2583,2167.0,104.0,360.0,1.0,0,1,4.6443908991413725,7.8567067930958405
LP001843,1,1,1,0,0,2661,7101.0,279.0,180.0,1.0,2,1,5.631211781821365,7.886457270977689
LP001844,1,0,0,1,1,16250,0.0,192.0,360.0,0.0,1,0,5.2574953720277815,9.695848187757884
LP001846,0,0,3,1,0,3083,0.0,255.0,360.0,1.0,0,1,5.541263545158426,8.03365842788615
LP001849,1,0,0,0,0,6045,0.0,115.0,360.0,0.0,0,0,4.74493212836325,8.706986763048892
LP001854,1,1,3,1,0,5250,0.0,94.0,360.0,1.0,1,0,4.543294782270004,8.565983355585669
LP001859,1,1,0,1,0,14683,2100.0,304.0,360.0,1.0,0,0,5.717027701406222,9.594445640962938
LP001864,1,1,3,0,0,4931,0.0,128.0,360.0,1.0,2,0,4.852030263919617,8.503297086224126
LP001865,1,1,1,1,0,6083,4250.0,330.0,360.0,1.0,1,1,5.799092654460526,8.713253274320705
LP001868,1,0,0,1,0,2060,2209.0,134.0,360.0,1.0,2,1,4.897839799950911,7.630461261783627
LP001870,0,0,1,1,0,3481,0.0,155.0,36.0,1.0,2,0,5.043425116919247,8.15507488781144
LP001871,0,0,0,1,0,7200,0.0,120.0,360.0,1.0,0,1,4.787491742782046,8.881836305004146
LP001872,1,0,0,1,1,5166,0.0,128.0,360.0,1.0,2,1,4.852030263919617,8.549853973655786
LP001875,1,0,0,1,0,4095,3447.0,151.0,360.0,1.0,0,1,5.017279836814924,8.31752199628717
LP001877,1,1,2,1,0,4708,1387.0,150.0,360.0,1.0,2,1,5.0106352940962555,8.457018468380168
LP001882,1,1,3,1,0,4333,1811.0,160.0,360.0,0.0,1,1,5.075173815233827,8.374015421739909
LP001883,0,0,0,1,0,3418,0.0,135.0,360.0,1.0,0,0,4.90527477843843,8.136810863675537
LP001884,0,0,1,1,0,2876,1560.0,90.0,360.0,1.0,1,1,4.499809670330265,7.964155718840937
LP001888,0,0,0,1,0,3237,0.0,30.0,360.0,1.0,1,1,3.4011973816621555,8.082402253926244
LP001891,1,1,0,1,0,11146,0.0,136.0,360.0,1.0,1,1,4.912654885736052,9.318835968129482
LP001892,1,0,0,1,0,2833,1857.0,126.0,360.0,1.0,0,1,4.836281906951478,7.949091499830517
LP001894,1,1,0,1,0,2620,2223.0,150.0,360.0,1.0,2,1,5.0106352940962555,7.8709295967551425
LP001896,1,1,2,1,0,3900,0.0,90.0,360.0,1.0,2,1,4.499809670330265,8.268731832117737
LP001900,1,1,1,1,0,2750,1842.0,115.0,360.0,1.0,2,1,4.74493212836325,7.919356190660617
LP001903,1,1,0,1,0,3993,3274.0,207.0,360.0,1.0,2,1,5.332718793265369,8.292298107063221
LP001904,1,1,0,1,0,3103,1300.0,80.0,360.0,1.0,1,1,4.382026634673881,8.04012466444838
LP001907,1,1,0,1,0,14583,0.0,436.0,360.0,1.0,2,1,6.077642243349034,9.587611745713565
LP001908,0,1,0,0,0,4100,0.0,124.0,360.0,1.0,0,1,4.820281565605037,8.318742252692399
LP001910,1,0,1,0,1,4053,2426.0,158.0,360.0,0.0,1,0,5.062595033026967,8.307212626628308
LP001914,1,1,0,1,0,3927,800.0,112.0,360.0,1.0,2,1,4.718498871295094,8.27563105457801
LP001915,1,1,2,1,0,2301,985.7999877999998,78.0,180.0,1.0,1,1,4.356708826689592,7.741099090035366
LP001917,0,0,0,1,0,1811,1666.0,54.0,360.0,1.0,1,1,3.9889840465642745,7.501634457883413
LP001922,1,1,0,1,0,20667,0.0,146.41216216216216,360.0,1.0,0,0,4.986425672954842,9.936293504261306
LP001924,1,0,0,1,0,3158,3053.0,89.0,360.0,1.0,0,1,4.48863636973214,8.057694194815587
LP001925,0,0,0,1,1,2600,1717.0,99.0,300.0,1.0,2,0,4.59511985013459,7.8632667240095735
LP001926,1,1,0,1,0,3704,2000.0,120.0,360.0,1.0,0,1,4.787491742782046,8.21716859576607
LP001931,0,0,0,1,0,4124,0.0,115.0,360.0,1.0,2,1,4.74493212836325,8.32457884513685
LP001935,1,0,0,1,0,9508,0.0,187.0,360.0,1.0,0,1,5.231108616854587,9.159888828480085
LP001936,1,1,0,1,0,3075,2416.0,139.0,360.0,1.0,0,1,4.9344739331306915,8.031060180240619
LP001938,1,1,2,1,0,4400,0.0,127.0,360.0,0.0,2,0,4.844187086458591,8.389359819906353
LP001940,1,1,2,1,0,3153,1560.0,134.0,360.0,1.0,1,1,4.897839799950911,8.056109659545061
LP001945,0,0,0,1,0,5417,0.0,143.0,480.0,0.0,1,0,4.962844630259907,8.597297435657898
LP001947,1,1,0,1,0,2383,3334.0,172.0,360.0,1.0,2,1,5.147494476813453,7.776115477098742
LP001949,1,1,3,1,0,4416,1250.0,110.0,360.0,1.0,1,1,4.700480365792417,8.392989587956931
LP001953,1,1,1,1,0,6875,0.0,200.0,360.0,1.0,2,1,5.298317366548036,8.835646922534773
LP001954,0,1,1,1,0,4666,0.0,135.0,360.0,1.0,1,1,4.90527477843843,8.448057452581375
LP001955,0,0,0,1,0,5000,2541.0,151.0,480.0,1.0,0,0,5.017279836814924,8.517193191416238
LP001963,1,1,1,1,0,2014,2925.0,113.0,360.0,1.0,1,0,4.727387818712341,7.607878073278507
LP001964,1,1,0,0,0,1800,2934.0,93.0,360.0,0.0,1,0,4.532599493153256,7.495541943884256
LP001972,1,1,0,0,0,2875,1750.0,105.0,360.0,1.0,2,1,4.653960350157523,7.963807953231451
LP001974,0,0,0,1,0,5000,0.0,132.0,360.0,1.0,0,1,4.882801922586371,8.517193191416238
LP001977,1,1,1,1,0,1625,1803.0,96.0,360.0,1.0,1,1,4.564348191467836,7.393263094763838
LP001978,1,0,0,1,0,4000,2500.0,140.0,360.0,1.0,0,1,4.941642422609304,8.294049640102028
LP001990,1,0,0,0,0,2000,0.0,146.41216216216216,360.0,1.0,1,0,4.986425672954842,7.600902459542082
LP001993,0,0,0,1,0,3762,1666.0,135.0,360.0,1.0,0,1,4.90527477843843,8.232706009860976
LP001994,0,0,0,1,0,2400,1863.0,104.0,360.0,0.0,1,0,4.6443908991413725,7.783224016336037
LP001996,1,0,0,1,0,20233,0.0,480.0,360.0,1.0,0,0,6.173786103901937,9.915070213779195
LP001998,1,1,2,0,0,7667,0.0,185.0,360.0,1.0,0,1,5.220355825078324,8.944680683558895
LP002002,0,0,0,1,0,2917,0.0,84.0,360.0,1.0,2,1,4.430816798843313,7.978310969867722
LP002004,1,0,0,0,0,2927,2405.0,111.0,360.0,1.0,2,1,4.709530201312334,7.9817332866918855
LP002006,0,0,0,1,0,2507,0.0,56.0,360.0,1.0,0,1,4.02535169073515,7.826842098158293
LP002008,1,1,2,1,1,5746,0.0,144.0,84.0,1.0,0,1,4.969813299576001,8.656259239539235
LP002024,1,1,0,1,0,2473,1843.0,159.0,360.0,1.0,0,0,5.0689042022202315,7.813187267521416
LP002031,1,1,1,0,0,3399,1640.0,111.0,180.0,1.0,1,1,4.709530201312334,8.131236549696116
LP002035,1,1,2,1,0,3717,0.0,120.0,360.0,1.0,2,1,4.787491742782046,8.220672170297252
LP002036,1,1,0,1,0,2058,2134.0,88.0,360.0,1.0,1,1,4.477336814478207,7.629489916393995
LP002043,0,0,1,1,0,3541,0.0,112.0,360.0,1.0,2,1,4.718498871295094,8.172164452111904
LP002050,1,1,1,1,1,10000,0.0,155.0,360.0,1.0,0,0,5.043425116919247,9.210340371976184
LP002051,1,1,0,1,0,2400,2167.0,115.0,360.0,1.0,2,1,4.74493212836325,7.783224016336037
LP002053,1,1,3,1,0,4342,189.0,124.0,360.0,1.0,2,1,4.820281565605037,8.376090350438238
LP002054,1,1,2,0,0,3601,1590.0,146.41216216216216,360.0,1.0,0,1,4.986425672954842,8.188966863648876
LP002055,0,0,0,1,0,3166,2985.0,132.0,360.0,1.0,0,1,4.882801922586371,8.060224240440958
LP002065,1,1,3,1,0,15000,0.0,300.0,360.0,1.0,0,1,5.703782474656201,9.615805480084347
LP002067,1,1,1,1,1,8666,4983.0,376.0,360.0,0.0,0,0,5.929589143389895,9.067162602299854
LP002068,1,0,0,1,0,4917,0.0,130.0,360.0,0.0,0,1,4.867534450455582,8.50045386741194
LP002082,1,1,0,1,1,5818,2160.0,184.0,360.0,1.0,2,1,5.214935757608986,8.668711839055147
LP002086,0,1,0,1,0,4333,2451.0,110.0,360.0,1.0,1,0,4.700480365792417,8.374015421739909
LP002087,0,0,0,1,0,2500,0.0,67.0,360.0,1.0,1,1,4.204692619390966,7.824046010856292
LP002097,1,0,1,1,0,4384,1793.0,117.0,360.0,1.0,1,1,4.762173934797756,8.385716828627851
LP002098,1,0,0,1,0,2935,0.0,98.0,360.0,1.0,2,1,4.584967478670572,7.984462732262196
LP002100,1,0,0,1,0,2833,0.0,71.0,360.0,1.0,1,1,4.2626798770413155,7.949091499830517
LP002101,1,1,0,1,0,63337,0.0,490.0,180.0,1.0,1,1,6.194405391104672,11.05622495553552
LP002103,1,1,1,1,1,9833,1833.0,182.0,180.0,1.0,1,1,5.204006687076795,9.193499354780156
LP002106,1,1,0,1,1,5503,4490.0,70.0,360.0,1.0,2,1,4.248495242049359,8.613048677059759
LP002110,1,1,1,1,0,5250,688.0,160.0,360.0,1.0,0,1,5.075173815233827,8.565983355585669
LP002112,1,1,2,1,1,2500,4600.0,176.0,360.0,1.0,0,1,5.170483995038151,7.824046010856292
LP002113,0,0,3,0,0,1830,0.0,146.41216216216216,360.0,0.0,1,0,4.986425672954842,7.512071245835466
LP002114,0,0,0,1,0,4160,0.0,71.0,360.0,1.0,2,1,4.2626798770413155,8.333270353255308
LP002115,1,1,3,0,0,2647,1587.0,173.0,360.0,1.0,0,0,5.153291594497779,7.881182202227102
LP002116,0,0,0,1,0,2378,0.0,46.0,360.0,1.0,0,0,3.828641396489095,7.774015077250727
LP002119,1,1,1,0,0,4554,1229.0,158.0,360.0,1.0,1,1,5.062595033026967,8.423761246623686
LP002126,1,1,3,0,0,3173,0.0,74.0,360.0,1.0,2,1,4.30406509320417,8.062432791583195
LP002128,1,1,2,1,0,2583,2330.0,125.0,360.0,1.0,0,1,4.8283137373023015,7.8567067930958405
LP002129,1,1,0,1,0,2499,2458.0,160.0,360.0,1.0,2,1,5.075173815233827,7.823645930834952
LP002130,1,1,0,0,0,3523,3230.0,152.0,360.0,0.0,0,0,5.0238805208462765,8.167068178341237
LP002131,1,1,2,0,0,3083,2168.0,126.0,360.0,1.0,1,1,4.836281906951478,8.03365842788615
LP002137,1,1,0,1,0,6333,4583.0,259.0,360.0,1.0,2,1,5.556828061699537,8.753529336516431
LP002138,1,1,0,1,0,2625,6250.0,187.0,360.0,1.0,0,1,5.231108616854587,7.872836175025724
LP002139,1,1,0,1,0,9083,0.0,228.0,360.0,1.0,2,1,5.429345628954441,9.114159813502214
LP002140,1,0,0,1,0,8750,4167.0,308.0,360.0,1.0,0,0,5.730099782973574,9.07680897935166
LP002141,1,1,3,1,0,2666,2083.0,95.0,360.0,1.0,0,1,4.553876891600541,7.888334500738654
LP002142,0,1,0,1,1,5500,0.0,105.0,360.0,0.0,0,0,4.653960350157523,8.612503371220562
LP002143,0,1,0,1,0,2423,505.0,130.0,360.0,1.0,2,1,4.867534450455582,7.792761720816526
LP002144,0,0,0,1,0,3813,0.0,116.0,180.0,1.0,1,1,4.7535901911063645,8.246171559857563
LP002149,1,1,2,1,0,8333,3167.0,165.0,360.0,1.0,0,1,5.10594547390058,9.027978814382207
LP002151,1,1,1,1,0,3875,0.0,67.0,360.0,1.0,1,0,4.204692619390966,8.262300941787448
LP002158,1,1,0,0,0,3000,1666.0,100.0,480.0,0.0,1,0,4.605170185988092,8.006367567650246
LP002160,1,1,3,1,0,5167,3167.0,200.0,360.0,1.0,2,1,5.298317366548036,8.550047528287184
LP002161,0,0,1,1,0,4723,0.0,81.0,360.0,1.0,2,0,4.394449154672439,8.460199469896118
LP002170,1,1,2,1,0,5000,3667.0,236.0,360.0,1.0,2,1,5.4638318050256105,8.517193191416238
LP002175,1,1,0,1,0,4750,2333.0,130.0,360.0,1.0,1,1,4.867534450455582,8.465899897028686
LP002178,1,1,0,1,0,3013,3033.0,95.0,300.0,1.0,1,1,4.553876891600541,8.0106915391303
LP002180,1,0,0,1,1,6822,0.0,141.0,360.0,1.0,0,1,4.948759890378168,8.82790796297859
LP002181,1,0,0,0,0,6216,0.0,133.0,360.0,1.0,0,0,4.890349128221754,8.734881892047483
LP002187,1,0,0,1,0,2500,0.0,96.0,480.0,1.0,2,0,4.564348191467836,7.824046010856292
LP002188,1,0,0,1,0,5124,0.0,124.0,360.0,0.0,0,0,4.820281565605037,8.541690663016626
LP002190,1,1,1,1,0,6325,0.0,175.0,360.0,1.0,2,1,5.1647859739235145,8.752265313595721
LP002191,1,1,0,1,0,19730,5266.0,570.0,360.0,1.0,0,0,6.345636360828596,9.889895599016661
LP002194,0,0,0,1,1,15759,0.0,55.0,360.0,1.0,2,1,4.007333185232471,9.665166909622071
LP002197,1,1,2,1,0,5185,0.0,155.0,360.0,1.0,2,1,5.043425116919247,8.553525120663627
LP002201,1,1,2,1,1,9323,7873.0,380.0,300.0,1.0,0,1,5.940171252720432,9.140239744296693
LP002205,1,0,1,1,0,3062,1987.0,111.0,180.0,0.0,1,0,4.709530201312334,8.026823576217629
LP002209,0,0,0,1,0,2764,1459.0,110.0,360.0,1.0,1,1,4.700480365792417,7.92443418488756
LP002211,1,1,0,1,0,4817,923.0,120.0,180.0,1.0,1,1,4.787491742782046,8.479906606630221
LP002219,1,1,3,1,0,8750,4996.0,130.0,360.0,1.0,0,1,4.867534450455582,9.07680897935166
LP002223,1,1,0,1,0,4310,0.0,130.0,360.0,1.0,2,1,4.867534450455582,8.368693183097793
LP002224,1,0,0,1,0,3069,0.0,71.0,480.0,1.0,1,0,4.2626798770413155,8.029107054619736
LP002225,1,1,2,1,0,5391,0.0,130.0,360.0,1.0,1,1,4.867534450455582,8.592486175451668
LP002226,1,1,0,1,0,3333,2500.0,128.0,360.0,1.0,2,1,4.852030263919617,8.11162807830774
LP002229,1,0,0,1,0,5941,4232.0,296.0,360.0,1.0,2,1,5.69035945432406,8.689632748355741
LP002231,0,0,0,1,0,6000,0.0,156.0,360.0,1.0,1,1,5.049856007249537,8.699514748210191
LP002234,1,0,0,1,1,7167,0.0,128.0,360.0,1.0,1,1,4.852030263919617,8.877242435993919
LP002236,1,1,2,1,0,4566,0.0,100.0,360.0,1.0,1,0,4.605170185988092,8.42639282708974
LP002237,1,0,1,1,0,3667,0.0,113.0,180.0,1.0,1,1,4.727387818712341,8.207129168071326
LP002239,1,0,0,0,0,2346,1600.0,132.0,360.0,1.0,2,1,4.882801922586371,7.76046702921342
LP002243,1,1,0,0,0,3010,3136.0,146.41216216216216,360.0,0.0,1,0,4.986425672954842,8.009695357742922
LP002244,1,1,0,1,0,2333,2417.0,136.0,360.0,1.0,1,1,4.912654885736052,7.75491027202143
LP002250,1,1,0,1,0,5488,0.0,125.0,360.0,1.0,0,1,4.8283137373023015,8.610319169405722
LP002255,1,0,3,1,0,9167,0.0,185.0,360.0,1.0,0,1,5.220355825078324,9.123365357961776
LP002262,1,1,3,1,0,9504,0.0,275.0,360.0,1.0,0,1,5.616771097666572,9.159468041602427
LP002263,1,1,0,1,0,2583,2115.0,120.0,360.0,1.0,1,1,4.787491742782046,7.8567067930958405
LP002265,1,1,2,0,0,1993,1625.0,113.0,180.0,1.0,2,1,4.727387818712341,7.597396320212795
LP002266,1,1,2,1,0,3100,1400.0,113.0,360.0,1.0,1,1,4.727387818712341,8.039157390473237
LP002272,1,1,2,1,0,3276,484.0,135.0,360.0,1.0,2,1,4.90527477843843,8.09437844497296
LP002277,0,0,0,1,0,3180,0.0,71.0,360.0,0.0,1,0,4.2626798770413155,8.064636475774222
LP002281,1,1,0,1,0,3033,1459.0,95.0,360.0,1.0,1,1,4.553876891600541,8.017307507688582
LP002284,1,0,0,0,0,3902,1666.0,109.0,360.0,1.0,0,1,4.6913478822291435,8.269244521183056
LP002287,0,0,0,1,0,1500,1800.0,103.0,360.0,0.0,2,0,4.634728988229636,7.313220387090301
LP002288,1,1,2,0,0,2889,0.0,45.0,180.0,0.0,1,0,3.8066624897703196,7.968665700466235
LP002296,1,0,0,0,0,2755,0.0,65.0,300.0,1.0,0,0,4.174387269895637,7.9211727215870145
LP002297,1,0,0,1,0,2500,20000.0,103.0,360.0,1.0,2,1,4.634728988229636,7.824046010856292
LP002300,0,0,0,0,0,1963,0.0,53.0,360.0,1.0,2,1,3.970291913552122,7.5822291942764615
LP002301,0,0,0,1,1,7441,0.0,194.0,360.0,1.0,0,0,5.267858159063328,8.914760527397261
LP002305,0,0,0,1,0,4547,0.0,115.0,360.0,1.0,2,1,4.74493212836325,8.42222295382501
LP002308,1,1,0,0,0,2167,2400.0,115.0,360.0,1.0,1,1,4.74493212836325,7.681099001536359
LP002314,0,0,0,0,0,2213,0.0,66.0,360.0,1.0,0,1,4.189654742026425,7.70210434005105
LP002315,1,1,1,1,0,8300,0.0,152.0,300.0,0.0,2,0,5.0238805208462765,9.02401079378469
LP002317,1,1,3,1,0,81000,0.0,360.0,360.0,0.0,0,0,5.886104031450156,11.302204433654575
LP002318,0,0,1,0,1,3867,0.0,62.0,360.0,1.0,2,0,4.127134385045092,8.260234291607297
LP002319,1,1,0,1,0,6256,0.0,160.0,360.0,1.0,1,1,5.075173815233827,8.741296282225147
LP002328,1,1,0,0,0,6096,0.0,218.0,360.0,0.0,0,0,5.384495062789089,8.715388097366482
LP002332,1,1,0,0,0,2253,2033.0,110.0,360.0,1.0,0,1,4.700480365792417,7.720017940432244
LP002335,0,1,0,0,0,2149,3237.0,178.0,360.0,0.0,2,0,5.181783550292085,7.67275789664251
LP002337,0,0,0,1,0,2995,0.0,60.0,360.0,1.0,1,1,4.0943445622221,8.00469951054955
LP002341,0,0,1,1,0,2600,0.0,160.0,360.0,1.0,1,0,5.075173815233827,7.8632667240095735
LP002342,1,1,2,1,1,1600,20000.0,239.0,360.0,1.0,1,0,5.476463551931511,7.3777589082278725
LP002345,1,1,0,1,0,1025,2773.0,112.0,360.0,1.0,0,1,4.718498871295094,6.932447891572509
LP002347,1,1,0,1,0,3246,1417.0,138.0,360.0,1.0,2,1,4.927253685157205,8.085178748074537
LP002348,1,1,0,1,0,5829,0.0,138.0,360.0,1.0,0,1,4.927253685157205,8.67060073804555
LP002357,0,0,0,0,0,2720,0.0,80.0,360.0,0.0,1,0,4.382026634673881,7.908387159290043
LP002361,1,1,0,1,0,1820,1719.0,100.0,360.0,1.0,1,1,4.605170185988092,7.506591780070841
LP002362,1,1,1,1,0,7250,1667.0,110.0,360.0,0.0,1,0,4.700480365792417,8.88875674784872
LP002364,1,1,0,1,0,14880,0.0,96.0,360.0,1.0,2,1,4.564348191467836,9.607773308387083
LP002366,1,1,0,1,0,2666,4300.0,121.0,360.0,1.0,0,1,4.795790545596741,7.888334500738654
LP002367,0,0,1,0,0,4606,0.0,81.0,360.0,1.0,0,0,4.394449154672439,8.43511508038063
LP002368,1,1,2,1,0,5935,0.0,133.0,360.0,1.0,2,1,4.890349128221754,8.688622307043769
LP002369,1,1,0,1,0,2920,16.12000084,87.0,360.0,1.0,0,1,4.465908118654584,7.979338895262328
LP002370,1,0,0,0,0,2717,0.0,60.0,180.0,1.0,1,1,4.0943445622221,7.907283609426348
LP002377,0,0,1,1,1,8624,0.0,150.0,360.0,1.0,2,1,5.0106352940962555,9.06230429314878
LP002379,1,0,0,1,0,6500,0.0,105.0,360.0,0.0,0,0,4.653960350157523,8.779557455883728
LP002386,1,0,0,1,0,12876,0.0,405.0,360.0,1.0,2,1,6.003887067106539,9.463120392418698
LP002387,1,1,0,1,0,2425,2340.0,143.0,360.0,1.0,2,1,4.962844630259907,7.793586803371584
LP002390,1,0,0,1,0,3750,0.0,100.0,360.0,1.0,1,1,4.605170185988092,8.229511118964457
LP002393,0,1,0,1,0,10047,0.0,146.41216216216216,240.0,1.0,2,1,4.986425672954842,9.215029361462314
LP002398,1,0,0,1,0,1926,1851.0,50.0,360.0,1.0,2,1,3.912023005428146,7.563200592358071
LP002401,1,1,0,1,0,2213,1125.0,146.41216216216216,360.0,1.0,1,1,4.986425672954842,7.70210434005105
LP002403,1,0,0,1,1,10416,0.0,187.0,360.0,0.0,1,0,5.231108616854587,9.251098364448351
LP002407,0,1,0,0,1,7142,0.0,138.0,360.0,1.0,0,1,4.927253685157205,8.873748128154395
LP002408,1,0,0,1,0,3660,5064.0,187.0,360.0,1.0,2,1,5.231108616854587,8.205218426395412
LP002409,1,1,0,1,0,7901,1833.0,180.0,360.0,1.0,0,1,5.19295685089021,8.974744612722734
LP002418,1,0,3,0,0,4707,1993.0,148.0,360.0,1.0,2,1,4.997212273764115,8.456806041401142
LP002422,1,0,1,1,0,37719,0.0,152.0,360.0,1.0,2,1,5.0238805208462765,10.537919225261291
LP002424,1,1,0,1,0,7333,8333.0,175.0,300.0,1.0,0,1,5.1647859739235145,8.9001399880938
LP002429,1,1,1,1,1,3466,1210.0,130.0,360.0,1.0,0,1,4.867534450455582,8.150756470275551
LP002434,1,1,2,0,0,4652,0.0,110.0,360.0,1.0,0,1,4.700480365792417,8.445052513638554
LP002435,1,1,0,1,0,3539,1376.0,55.0,360.0,1.0,0,0,4.007333185232471,8.171599480345463
LP002443,1,1,2,1,0,3340,1710.0,150.0,360.0,0.0,0,0,5.0106352940962555,8.113726085970747
LP002444,1,0,1,0,1,2769,1542.0,190.0,360.0,1.0,2,0,5.247024072160486,7.926241523170962
LP002446,1,1,2,0,0,2309,1255.0,125.0,360.0,0.0,0,0,4.8283137373023015,7.744569809354496
LP002447,1,1,2,0,0,1958,1456.0,60.0,300.0,1.0,1,1,4.0943445622221,7.579678823090456
LP002448,1,1,0,1,0,3948,1733.0,149.0,360.0,0.0,0,0,5.003946305945459,8.280964400553373
LP002449,1,1,0,1,0,2483,2466.0,90.0,180.0,0.0,0,1,4.499809670330265,7.817222785508166
LP002453,1,0,0,1,1,7085,0.0,84.0,360.0,1.0,2,1,4.430816798843313,8.865735152124781
LP002455,1,1,2,1,0,3859,0.0,96.0,360.0,1.0,2,1,4.564348191467836,8.258163361537619
LP002459,1,1,0,1,0,4301,0.0,118.0,360.0,1.0,1,1,4.770684624465665,8.366602832783736
LP002467,1,1,0,1,0,3708,2569.0,173.0,360.0,1.0,1,0,5.153291594497779,8.218247926685745
LP002472,1,0,2,1,0,4354,0.0,136.0,360.0,1.0,0,1,4.912654885736052,8.378850241794492
LP002473,1,1,0,1,0,8334,0.0,160.0,360.0,1.0,2,0,5.075173815233827,9.0280988119824
LP002478,1,1,0,1,1,2083,4083.0,160.0,360.0,1.0,2,1,5.075173815233827,7.641564441260972
LP002484,1,1,3,1,0,7740,0.0,128.0,180.0,1.0,1,1,4.852030263919617,8.954156966583772
LP002487,1,1,0,1,0,3015,2188.0,153.0,360.0,1.0,0,1,5.030437921392435,8.011355109161286
LP002489,0,0,1,0,0,5191,0.0,132.0,360.0,1.0,2,1,4.882801922586371,8.55468163582723
LP002493,1,0,0,1,0,4166,0.0,98.0,360.0,0.0,2,0,4.584967478670572,8.334711621820917
LP002494,1,0,0,1,0,6000,0.0,140.0,360.0,1.0,0,1,4.941642422609304,8.699514748210191
LP002500,1,1,3,0,0,2947,1664.0,70.0,180.0,0.0,1,0,4.248495242049359,7.988542982737695
LP002501,1,1,0,1,0,16692,0.0,110.0,360.0,1.0,2,1,4.700480365792417,9.722684841711443
LP002502,0,1,2,0,0,210,2917.0,98.0,360.0,1.0,2,1,4.584967478670572,5.3471075307174685
LP002505,1,1,0,1,0,4333,2451.0,110.0,360.0,1.0,1,0,4.700480365792417,8.374015421739909
LP002515,1,1,1,1,1,3450,2079.0,162.0,360.0,1.0,2,1,5.087596335232384,8.146129510025405
LP002517,1,1,1,0,0,2653,1500.0,113.0,180.0,0.0,0,0,4.727387818712341,7.88344635413774
LP002519,1,1,3,1,0,4691,0.0,100.0,360.0,1.0,2,1,4.605170185988092,8.453401058328458
LP002522,0,0,0,1,1,2500,0.0,93.0,360.0,1.0,1,1,4.532599493153256,7.824046010856292
LP002524,1,0,2,1,0,5532,4648.0,162.0,360.0,1.0,0,1,5.087596335232384,8.61830469278465
LP002527,1,1,2,1,1,16525,1014.0,150.0,360.0,1.0,0,1,5.0106352940962555,9.712629664719888
LP002529,1,1,2,1,0,6700,1750.0,230.0,300.0,1.0,2,1,5.438079308923196,8.809862805379057
LP002530,1,1,2,1,0,2873,1872.0,132.0,360.0,0.0,2,0,4.882801922586371,7.96311205897929
LP002531,1,1,1,1,1,16667,2250.0,86.0,360.0,1.0,2,1,4.454347296253507,9.721185995542177
LP002533,1,1,2,1,0,2947,1603.0,146.41216216216216,360.0,1.0,1,0,4.986425672954842,7.988542982737695
LP002534,0,0,0,0,0,4350,0.0,154.0,360.0,1.0,0,1,5.0369526024136295,8.37793112408273
LP002536,1,1,3,0,0,3095,0.0,113.0,360.0,1.0,0,1,4.727387818712341,8.037543185118697
LP002537,1,1,0,1,0,2083,3150.0,128.0,360.0,1.0,2,1,4.852030263919617,7.641564441260972
LP002541,1,1,0,1,0,10833,0.0,234.0,360.0,1.0,2,1,5.455321115357702,9.290352309945568
LP002543,1,1,2,1,0,8333,0.0,246.0,360.0,1.0,2,1,5.5053315359323625,9.027978814382207
LP002544,1,1,1,0,0,1958,2436.0,131.0,360.0,1.0,0,1,4.875197323201151,7.579678823090456
LP002545,1,0,2,1,0,3547,0.0,80.0,360.0,0.0,0,0,4.382026634673881,8.173857454773621
LP002547,1,1,1,1,0,18333,0.0,500.0,360.0,1.0,1,0,6.214608098422191,9.816457993563025
LP002555,1,1,2,1,1,4583,2083.0,160.0,360.0,1.0,2,1,5.075173815233827,8.430109084509125
LP002556,1,0,0,1,0,2435,0.0,75.0,360.0,1.0,1,0,4.31748811353631,7.79770203551669
LP002560,1,0,0,0,0,2699,2785.0,96.0,360.0,1.0,2,1,4.564348191467836,7.900636613018005
LP002562,1,1,1,0,0,5333,1131.0,186.0,360.0,1.0,1,1,5.225746673713202,8.581669210600602
LP002571,1,0,0,0,0,3691,0.0,110.0,360.0,1.0,0,1,4.700480365792417,8.213652703029998
LP002582,0,0,0,0,1,17263,0.0,225.0,360.0,1.0,2,1,5.41610040220442,9.756320761816548
LP002585,1,1,0,1,0,3597,2157.0,119.0,360.0,0.0,0,0,4.77912349311153,8.187855443695623
LP002586,0,1,1,1,0,3326,913.0,105.0,84.0,1.0,2,1,4.653960350157523,8.109525659752872
LP002587,1,1,0,0,0,2600,1700.0,107.0,360.0,1.0,0,1,4.672828834461906,7.8632667240095735
LP002588,1,1,0,1,0,4625,2857.0,111.0,12.0,1.0,1,1,4.709530201312334,8.439231649946526
LP002600,1,1,1,1,1,2895,0.0,95.0,360.0,1.0,2,1,4.553876891600541,7.970740390007095
LP002602,1,0,0,1,0,6283,4416.0,209.0,360.0,0.0,0,0,5.342334251964811,8.745602852402946
LP002603,0,0,0,1,0,645,3683.0,113.0,480.0,1.0,0,1,4.727387818712341,6.4692503167957724
LP002606,0,0,0,1,0,3159,0.0,100.0,360.0,1.0,2,1,4.605170185988092,8.058010800802085
LP002615,1,1,2,1,0,4865,5624.0,208.0,360.0,1.0,2,1,5.337538079701318,8.489821994620105
LP002618,1,1,1,0,0,4050,5302.0,138.0,360.0,1.0,0,0,4.927253685157205,8.306472160100585
LP002619,1,1,0,0,0,3814,1483.0,124.0,300.0,1.0,2,1,4.820281565605037,8.246433786160365
LP002622,1,1,2,1,0,3510,4416.0,243.0,360.0,1.0,0,1,5.493061443340548,8.163371316459912
LP002624,1,1,0,1,0,20833,6667.0,480.0,360.0,1.0,1,1,6.173786103901937,9.944293546928382
LP002625,1,0,0,1,0,3583,0.0,96.0,360.0,1.0,1,0,4.564348191467836,8.183955717304954
LP002626,1,1,0,1,1,2479,3013.0,188.0,360.0,1.0,1,1,5.236441962829949,7.8156105320351905
LP002634,0,0,1,1,0,13262,0.0,40.0,360.0,1.0,1,1,3.6888794541139363,9.492658081928813
LP002637,1,0,0,0,0,3598,1287.0,100.0,360.0,1.0,0,0,4.605170185988092,8.188133414510478
LP002640,1,1,1,1,0,6065,2004.0,250.0,360.0,1.0,2,1,5.521460917862246,8.71028982137815
LP002643,1,1,2,1,0,3283,2035.0,148.0,360.0,1.0,1,1,4.997212273764115,8.096512917501594
LP002648,1,1,0,1,0,2130,6666.0,70.0,180.0,1.0,2,0,4.248495242049359,7.6638772587034705
LP002652,1,0,0,1,0,5815,3666.0,311.0,360.0,1.0,0,0,5.739792912179234,8.668196064952765
LP002659,1,1,3,1,0,3466,3428.0,150.0,360.0,1.0,0,1,5.0106352940962555,8.150756470275551
LP002670,0,1,2,1,0,2031,1632.0,113.0,480.0,1.0,2,1,4.727387818712341,7.616283561580385
LP002682,1,1,0,0,0,3074,1800.0,123.0,360.0,0.0,2,0,4.812184355372417,8.03073492409854
LP002683,1,0,0,1,0,4683,1915.0,185.0,360.0,1.0,2,0,5.220355825078324,8.451694209183541
LP002684,0,0,0,0,0,3400,0.0,95.0,360.0,1.0,0,0,4.553876891600541,8.131530710604252
LP002689,1,1,2,0,0,2192,1742.0,45.0,360.0,1.0,2,1,3.8066624897703196,7.692569648067906
LP002690,1,0,0,1,0,2500,0.0,55.0,360.0,1.0,2,1,4.007333185232471,7.824046010856292
LP002692,1,1,3,1,1,5677,1424.0,100.0,360.0,1.0,0,1,4.605170185988092,8.644178203170727
LP002693,1,1,2,1,1,7948,7166.0,480.0,360.0,1.0,0,1,6.173786103901937,8.980675603671708
LP002697,1,0,0,1,0,4680,2087.0,146.41216216216216,360.0,1.0,2,0,4.986425672954842,8.451053388911692
LP002699,1,1,2,1,1,17500,0.0,400.0,360.0,1.0,0,1,5.991464547107982,9.769956159911606
LP002705,1,1,0,1,0,3775,0.0,110.0,360.0,1.0,2,1,4.700480365792417,8.236155661683124
LP002706,1,1,1,0,0,5285,1430.0,161.0,360.0,0.0,2,1,5.081404364984463,8.572627898304338
LP002714,1,0,1,0,0,2679,1302.0,94.0,360.0,1.0,2,1,4.543294782270004,7.893198869544609
LP002716,1,0,0,0,0,6783,0.0,130.0,360.0,1.0,2,1,4.867534450455582,8.82217476094608
LP002717,1,1,0,1,0,1025,5500.0,216.0,360.0,1.0,0,1,5.375278407684165,6.932447891572509
LP002720,1,1,3,1,0,4281,0.0,100.0,360.0,1.0,1,1,4.605170185988092,8.361941906144946
LP002723,1,0,2,1,0,3588,0.0,110.0,360.0,0.0,0,0,4.700480365792417,8.185350223178686
LP002729,1,0,1,1,0,11250,0.0,196.0,360.0,1.0,2,0,5.278114659230517,9.328123407632566
LP002731,0,0,0,0,1,18165,0.0,125.0,360.0,1.0,1,1,4.8283137373023015,9.807251944655302
LP002732,1,0,0,0,0,2550,2042.0,126.0,360.0,1.0,0,1,4.836281906951478,7.843848638152472
LP002734,1,1,0,1,0,6133,3906.0,324.0,360.0,1.0,1,1,5.780743515792329,8.721439305625983
LP002738,1,0,2,1,0,3617,0.0,107.0,360.0,1.0,2,1,4.672828834461906,8.193400231952097
LP002739,1,1,0,0,0,2917,536.0,66.0,360.0,1.0,0,0,4.189654742026425,7.978310969867722
LP002740,1,1,3,1,0,6417,0.0,157.0,180.0,1.0,0,1,5.056245805348308,8.766705997750515
LP002741,0,1,1,1,0,4608,2845.0,140.0,180.0,1.0,2,1,4.941642422609304,8.435549202375727
LP002743,0,0,0,1,0,2138,0.0,99.0,360.0,0.0,2,0,4.59511985013459,7.6676260915849905
LP002753,0,0,1,1,0,3652,0.0,95.0,360.0,1.0,2,1,4.553876891600541,8.20303024171486
LP002755,1,1,1,0,0,2239,2524.0,128.0,360.0,1.0,1,1,4.852030263919617,7.713784616598755
LP002757,0,1,0,0,0,3017,663.0,102.0,360.0,1.0,2,1,4.624972813284271,8.012018239159062
LP002767,1,1,0,1,0,2768,1950.0,155.0,360.0,1.0,0,1,5.043425116919247,7.92588031673756
LP002768,1,0,0,0,0,3358,0.0,80.0,36.0,1.0,2,0,4.382026634673881,8.119100837637486
LP002772,1,0,0,1,0,2526,1783.0,145.0,360.0,1.0,0,1,4.976733742420574,7.8343923029104365
LP002776,0,0,0,1,0,5000,0.0,103.0,360.0,0.0,2,0,4.634728988229636,8.517193191416238
LP002777,1,1,0,1,0,2785,2016.0,110.0,360.0,1.0,0,1,4.700480365792417,7.932003152361385
LP002778,1,1,2,1,1,6633,0.0,146.41216216216216,360.0,0.0,0,0,4.986425672954842,8.799812469525556
LP002784,1,1,1,0,0,2492,2375.0,146.41216216216216,360.0,1.0,0,1,4.986425672954842,7.820840879907344
LP002785,1,1,1,1,0,3333,3250.0,158.0,360.0,1.0,1,1,5.062595033026967,8.11162807830774
LP002788,1,1,0,0,0,2454,2333.0,181.0,360.0,0.0,1,0,5.198497031265826,7.805474625270857
LP002789,1,1,0,1,0,3593,4266.0,132.0,180.0,0.0,0,0,4.882801922586371,8.186742787113518
LP002792,1,1,1,1,0,5468,1032.0,26.0,360.0,1.0,2,1,3.258096538021482,8.60666819784384
LP002794,0,0,0,1,0,2667,1625.0,84.0,360.0,1.0,1,1,4.430816798843313,7.888709524182015
LP002795,1,1,3,1,1,10139,0.0,260.0,360.0,1.0,2,1,5.560681631015528,9.22414465295258
LP002798,1,1,0,1,0,3887,2669.0,162.0,360.0,1.0,2,1,5.087596335232384,8.265392930852224
LP002804,0,1,0,1,0,4180,2306.0,182.0,360.0,1.0,2,1,5.204006687076795,8.338066525518801
LP002807,1,1,2,0,0,3675,242.0,108.0,360.0,1.0,2,1,4.68213122712422,8.209308411646937
LP002813,0,1,1,1,1,19484,0.0,600.0,360.0,1.0,2,1,6.396929655216146,9.877348894926433
LP002820,1,1,0,1,0,5923,2054.0,211.0,360.0,1.0,0,1,5.351858133476067,8.686598356276965
LP002821,1,0,0,0,1,5800,0.0,132.0,360.0,1.0,2,1,4.882801922586371,8.66561319653451
LP002832,1,1,2,1,0,8799,0.0,258.0,360.0,0.0,1,0,5.552959584921617,9.08239335764556
LP002833,1,1,0,0,0,4467,0.0,120.0,360.0,1.0,0,1,4.787491742782046,8.404472321352118
LP002836,1,0,0,1,0,3333,0.0,70.0,360.0,1.0,1,1,4.248495242049359,8.11162807830774
LP002837,1,1,3,1,0,3400,2500.0,123.0,360.0,0.0,0,0,4.812184355372417,8.131530710604252
LP002840,0,0,0,1,0,2378,0.0,9.0,360.0,1.0,1,0,2.1972245773362196,7.774015077250727
LP002841,1,1,0,1,0,3166,2064.0,104.0,360.0,0.0,1,0,4.6443908991413725,8.060224240440958
LP002842,1,1,1,1,0,3417,1750.0,186.0,360.0,1.0,1,1,5.225746673713202,8.136518252115291
LP002847,1,1,0,1,0,5116,1451.0,165.0,360.0,0.0,1,0,5.10594547390058,8.540128162698734
LP002855,1,1,2,1,0,16666,0.0,275.0,360.0,1.0,1,1,5.616771097666572,9.721125994942152
LP002862,1,1,2,0,0,6125,1625.0,187.0,480.0,1.0,2,0,5.231108616854587,8.720134035412928
LP002863,1,1,3,1,0,6406,0.0,150.0,360.0,1.0,2,0,5.0106352940962555,8.764990330169104
LP002868,1,1,2,1,0,3159,461.0,108.0,84.0,1.0,1,1,4.68213122712422,8.058010800802085
LP002872,1,1,0,1,0,3087,2210.0,136.0,360.0,0.0,2,0,4.912654885736052,8.034955024502159
LP002874,1,0,0,1,0,3229,2739.0,110.0,360.0,1.0,1,1,4.700480365792417,8.079927770758275
LP002877,1,1,1,1,0,1782,2232.0,107.0,360.0,1.0,0,1,4.672828834461906,7.485491608030754
LP002888,1,0,0,1,0,3182,2917.0,161.0,360.0,1.0,1,1,5.081404364984463,8.065265208897733
LP002892,1,1,2,1,0,6540,0.0,205.0,360.0,1.0,2,1,5.3230099791384085,8.785692444451245
LP002893,1,0,0,1,0,1836,33837.0,90.0,360.0,1.0,1,0,4.499809670330265,7.515344571180436
LP002894,0,1,0,1,0,3166,0.0,36.0,360.0,1.0,2,1,3.58351893845611,8.060224240440958
LP002898,1,1,1,1,0,1880,0.0,61.0,360.0,1.0,0,0,4.110873864173311,7.539027055823995
LP002911,1,1,1,1,0,2787,1917.0,146.0,360.0,0.0,0,0,4.983606621708336,7.932721027481948
LP002912,1,1,1,1,0,4283,3000.0,172.0,84.0,1.0,0,0,5.147494476813453,8.36240897761537
LP002916,1,1,0,1,0,2297,1522.0,104.0,360.0,1.0,1,1,4.6443908991413725,7.739359202689098
LP002917,0,0,0,0,0,2165,0.0,70.0,360.0,1.0,2,1,4.248495242049359,7.68017564043659
LP002925,1,0,0,1,0,4750,0.0,94.0,360.0,1.0,2,1,4.543294782270004,8.465899897028686
LP002926,1,1,2,1,1,2726,0.0,106.0,360.0,0.0,2,0,4.663439094112067,7.9105906122564775
LP002928,1,1,0,1,0,3000,3416.0,56.0,180.0,1.0,2,1,4.02535169073515,8.006367567650246
LP002931,1,1,2,1,1,6000,0.0,205.0,240.0,1.0,2,0,5.3230099791384085,8.699514748210191
LP002933,1,0,3,1,1,9357,0.0,292.0,360.0,1.0,2,1,5.676753802268282,9.143880005275912
LP002936,1,1,0,1,0,3859,3300.0,142.0,180.0,1.0,0,1,4.955827057601261,8.258163361537619
LP002938,1,1,0,1,1,16120,0.0,260.0,360.0,1.0,1,1,5.560681631015528,9.68781601606062
LP002940,1,0,0,0,0,3833,0.0,110.0,360.0,1.0,0,1,4.700480365792417,8.251403065380556
LP002941,1,1,2,0,1,6383,1000.0,187.0,360.0,1.0,0,0,5.231108616854587,8.761393485256058
LP002943,1,0,0,1,0,2987,0.0,88.0,360.0,0.0,2,0,4.477336814478207,8.00202481821611
LP002945,1,1,0,1,1,9963,0.0,180.0,360.0,1.0,0,1,5.19295685089021,9.206633510044856
LP002948,1,1,2,1,0,5780,0.0,192.0,360.0,1.0,1,1,5.2574953720277815,8.662158961666423
LP002949,0,0,3,1,0,416,41667.0,350.0,180.0,1.0,1,0,5.857933154483459,6.030685260261263
LP002950,1,1,0,0,0,2894,2792.0,155.0,360.0,1.0,0,1,5.043425116919247,7.970394907191429
LP002953,1,1,3,1,0,5703,0.0,128.0,360.0,1.0,1,1,4.852030263919617,8.648747631156539
LP002958,1,0,0,1,0,3676,4301.0,172.0,360.0,1.0,0,1,5.147494476813453,8.209580483475577
LP002959,0,1,1,1,0,12000,0.0,496.0,360.0,1.0,2,1,6.206575926724928,9.392661928770137
LP002960,1,1,0,0,0,2400,3800.0,146.41216216216216,180.0,1.0,1,0,4.986425672954842,7.783224016336037
LP002961,1,1,1,1,0,3400,2500.0,173.0,360.0,1.0,2,1,5.153291594497779,8.131530710604252
LP002964,1,1,2,0,0,3987,1411.0,157.0,360.0,1.0,0,1,5.056245805348308,8.290794347381356
LP002974,1,1,0,1,0,3232,1950.0,108.0,360.0,1.0,0,1,4.68213122712422,8.080856419640986
LP002978,0,0,0,1,0,2900,0.0,71.0,360.0,1.0,0,1,4.2626798770413155,7.9724660159745655
LP002979,1,1,3,1,0,4106,0.0,40.0,180.0,1.0,0,1,3.6888794541139363,8.32020459757888
LP002983,1,1,1,1,0,8072,240.0,253.0,360.0,1.0,1,1,5.53338948872752,8.996156562033445
LP002984,1,1,2,1,0,7583,0.0,187.0,360.0,1.0,1,1,5.231108616854587,8.933664178700935
LP002990,0,0,0,1,1,4583,0.0,133.0,360.0,0.0,2,0,4.890349128221754,8.430109084509125
